Feature,Standardized coefficient,Absolute coefficient
C-Reactive Protein (CRP),-1.2896199647355906,1.2896199647355906
Bone Mass (BM),1.1799725833315566,1.1799725833315566
Intracellular Water (ICW),-1.0669302340823787,1.0669302340823787
Gender,0.9181383915179399,0.9181383915179399
Total Body Fat Ratio (TBFR) (%),-0.9009123108158804,0.9009123108158804
Hyperlipidemia,-0.8492439454437266,0.8492439454437266
Diabetes Mellitus (DM),-0.8359266660277584,0.8359266660277584
Vitamin D,0.8172214957406821,0.8172214957406821
Extracellular Fluid/Total Body Water (ECF/TBW),0.7900665639974682,0.7900665639974682
Aspartat Aminotransferaz (AST),0.7662110936194917,0.7662110936194917
Visceral Fat Rating (VFR),0.641320004051393,0.641320004051393
Alanin Aminotransferaz (ALT),-0.5499678826796106,0.5499678826796106
Body Mass Index (BMI),0.5189509815506882,0.5189509815506882
Hemoglobin (HGB),0.5095438093648593,0.5095438093648593
Body Protein Content (Protein) (%),0.49393923017678815,0.49393923017678815
Lean Mass (LM) (%),0.4899051213329354,0.4899051213329354
Muscle Mass (MM),0.4500938772667112,0.4500938772667112
Age,-0.4173480980372695,0.4173480980372695
Total Body Water (TBW),-0.3496732258573655,0.3496732258573655
Extracellular Water (ECW),0.3408810544450267,0.3408810544450267
High Density Lipoprotein (HDL),-0.3213890134930103,0.3213890134930103
Height,-0.31020111882640883,0.31020111882640883
Low Density Lipoprotein (LDL),0.28029344754514557,0.28029344754514557
Hepatic Fat Accumulation (HFA),-0.26000888159424856,0.26000888159424856
Coronary Artery Disease (CAD),0.2580974326871064,0.2580974326871064
Total Cholesterol (TC),-0.25516650458279083,0.25516650458279083
Comorbidity,0.2536387482387894,0.2536387482387894
Hypothyroidism,0.24384934460989258,0.24384934460989258
Alkaline Phosphatase (ALP),-0.23285400811006918,0.23285400811006918
Visceral Muscle Area (VMA) (Kg),-0.22329439717962613,0.22329439717962613
Visceral Fat Area (VFA),-0.21953345133711646,0.21953345133711646
Glucose,0.2189420820319477,0.2189420820319477
Total Fat Content (TFC),0.21448217158626248,0.21448217158626248
Weight,-0.14021204869662052,0.14021204869662052
Triglyceride,0.1374062066743624,0.1374062066743624
Creatinine,-0.05795260161870952,0.05795260161870952
Obesity (%),0.020977861981913423,0.020977861981913423
Glomerular Filtration Rate (GFR),-0.01639586342841013,0.01639586342841013
