Feature,Mean AUC decrease,Importance SD
C-Reactive Protein (CRP),0.124609375,0.04290552284715524
Vitamin D,0.03037109375,0.014711993200690875
Extracellular Fluid/Total Body Water (ECF/TBW),0.02373046875,0.00905328391614563
Bone Mass (BM),0.00673828125,0.006888516173312435
Extracellular Water (ECW),0.006087239583333333,0.008388148271598672
Visceral Muscle Area (VMA) (Kg),0.005013020833333334,0.004071483623373586
Obesity (%),0.004427083333333333,0.008631152822487786
Alkaline Phosphatase (ALP),0.0012369791666666666,0.006009012306144772
Intracellular Water (ICW),0.0012044270833333334,0.003303836008389975
Glomerular Filtration Rate (GFR),0.0008138020833333334,0.0035577208230789577
Diabetes Mellitus (DM),0.0006510416666666666,0.0013421567791724156
Aspartat Aminotransferaz (AST),0.0001953125,0.015058074427653423
Hypothyroidism,3.255208333333333e-05,0.0001752983335655763
Gender,3.255208333333333e-05,0.0025896813936456776
Hyperlipidemia,0.0,0.0
Coronary Artery Disease (CAD),-6.510416666666667e-05,0.00024359748611809515
Triglyceride,-0.0007486979166666667,0.0021048389531676055
Comorbidity,-0.0009765625,0.0006176323555016366
Total Body Water (TBW),-0.0018880208333333333,0.002482509891267919
Hepatic Fat Accumulation (HFA),-0.0019205729166666666,0.0027905699440296606
Hemoglobin (HGB),-0.0023111979166666667,0.004053878112121573
Muscle Mass (MM),-0.0023111979166666667,0.002463872326844565
Total Cholesterol (TC),-0.00244140625,0.0029269735693572886
Glucose,-0.0029296875,0.0056887035843021455
High Density Lipoprotein (HDL),-0.002994791666666667,0.0038812131668721044
Weight,-0.0031901041666666666,0.0037308720786183337
Body Protein Content (Protein) (%),-0.0033854166666666668,0.00718391365840298
Creatinine,-0.004720052083333333,0.0045532208381037845
Body Mass Index (BMI),-0.00498046875,0.0035867905609779215
Alanin Aminotransferaz (ALT),-0.0059244791666666664,0.003529462543861927
Total Fat Content (TFC),-0.006184895833333333,0.006781467010416556
Height,-0.007779947916666667,0.00333066833774595
Low Density Lipoprotein (LDL),-0.008203125,0.00591122888688342
Age,-0.00830078125,0.005781546920162376
Lean Mass (LM) (%),-0.008756510416666667,0.007187231676188628
Visceral Fat Rating (VFR),-0.009016927083333333,0.005686933738456482
Visceral Fat Area (VFA),-0.0099609375,0.010594390459683823
Total Body Fat Ratio (TBFR) (%),-0.01015625,0.011275244751477866
